uf_code;ano;age_group;sexo;pop;pop_percent;cases
RO;2007;0-4;Men;77000;0,04830614805520703;3172
RO;2007;0-4;Women;72000;0,04516938519447930;2580
RO;2007;5-9;Men;82000;0,05144291091593475;3990
RO;2007;5-9;Women;86000;0,05395232120451694;3167
RO;2007;10-14;Men;80000;0,05018820577164367;5363
RO;2007;10-14;Women;79000;0,04956085319949812;4026
RO;2007;15-19;Men;81000;0,05081555834378921;6654
RO;2007;15-19;Women;79000;0,04956085319949812;3074
RO;2007;20-24;Men;75000;0,04705144291091593;6796
RO;2007;20-24;Women;80000;0,05018820577164367;2988
RO;2007;25-29;Men;57000;0,03575909661229611;5960
RO;2007;25-29;Women;73000;0,04579673776662484;2690
RO;2007;30-34;Men;66000;0,04140526976160602;4741
RO;2007;30-34;Women;65000;0,04077791718946048;2148
RO;2007;35-39;Men;59000;0,03701380175658720;4295
RO;2007;35-39;Women;58000;0,03638644918444166;1987
RO;2007;40-44;Men;59000;0,03701380175658720;3809
RO;2007;40-44;Women;55000;0,03450439146800502;1628
RO;2007;45-49;Men;39000;0,02446675031367629;2945
RO;2007;45-49;Women;41000;0,02572145545796738;1348
RO;2007;50-54;Men;35000;0,02195734002509410;2236
RO;2007;50-54;Women;35000;0,02195734002509410;913
RO;2007;55-59;Men;30000;0,01882057716436637;1379
RO;2007;55-59;Women;24000;0,01505646173149310;618
RO;2007;60-64;Men;17000;0,01066499372647428;850
RO;2007;60-64;Women;20000;0,01254705144291092;331
RO;2007;65-69;Men;13000;0,00815558343789210;497
RO;2007;65-69;Women;13000;0,00815558343789210;266
RO;2007;70+;Men;22000;0,01380175658720201;461
RO;2007;70+;Women;22000;0,01380175658720201;232
AC;2007;0-4;Men;38000;0,05475504322766571;4462
AC;2007;0-4;Women;35000;0,05043227665706052;4193
AC;2007;5-9;Men;47000;0,06772334293948126;4253
AC;2007;5-9;Women;44000;0,06340057636887608;3801
AC;2007;10-14;Men;42000;0,06051873198847262;3712
AC;2007;10-14;Women;43000;0,06195965417867435;3132
AC;2007;15-19;Men;37000;0,05331412103746398;3564
AC;2007;15-19;Women;36000;0,05187319884726225;2529
AC;2007;20-24;Men;34000;0,04899135446685879;3247
AC;2007;20-24;Women;34000;0,04899135446685879;2229
AC;2007;25-29;Men;31000;0,04466858789625360;2490
AC;2007;25-29;Women;33000;0,04755043227665706;1602
AC;2007;30-34;Men;25000;0,03602305475504323;1745
AC;2007;30-34;Women;27000;0,03890489913544669;1187
AC;2007;35-39;Men;20000;0,02881844380403458;1354
AC;2007;35-39;Women;19000;0,02737752161383285;967
AC;2007;40-44;Men;18000;0,02593659942363112;1000
AC;2007;40-44;Women;17000;0,02449567723342939;766
AC;2007;45-49;Men;13000;0,01873198847262248;763
AC;2007;45-49;Women;18000;0,02593659942363112;533
AC;2007;50-54;Men;14000;0,02017291066282421;549
AC;2007;50-54;Women;11000;0,01585014409221902;418
AC;2007;55-59;Men;8000;0,01152737752161383;412
AC;2007;55-59;Women;10000;0,01440922190201729;295
AC;2007;60-64;Men;6000;0,00864553314121038;267
AC;2007;60-64;Women;6000;0,00864553314121038;179
AC;2007;65-69;Men;5000;0,00720461095100865;201
AC;2007;65-69;Women;6000;0,00864553314121038;136
AC;2007;70+;Men;9000;0,01296829971181556;210
AC;2007;70+;Women;8000;0,01152737752161383;177
AM;2007;0-4;Men;188000;0,05513196480938416;15294
AM;2007;0-4;Women;177000;0,05190615835777126;13610
AM;2007;5-9;Men;215000;0,06304985337243402;13958
AM;2007;5-9;Women;191000;0,05601173020527860;12274
AM;2007;10-14;Men;223000;0,06539589442815250;13414
AM;2007;10-14;Women;206000;0,06041055718475073;10511
AM;2007;15-19;Men;183000;0,05366568914956012;12499
AM;2007;15-19;Women;163000;0,04780058651026393;7759
AM;2007;20-24;Men;165000;0,04838709677419355;12240
AM;2007;20-24;Women;177000;0,05190615835777126;6979
AM;2007;25-29;Men;148000;0,04340175953079179;11020
AM;2007;25-29;Women;158000;0,04633431085043988;6138
AM;2007;30-34;Men;119000;0,03489736070381232;8780
AM;2007;30-34;Women;134000;0,03929618768328446;4500
AM;2007;35-39;Men;105000;0,03079178885630499;7382
AM;2007;35-39;Women;105000;0,03079178885630499;3847
AM;2007;40-44;Men;84000;0,02463343108504399;6198
AM;2007;40-44;Women;87000;0,02551319648093842;3129
AM;2007;45-49;Men;82000;0,02404692082111437;4739
AM;2007;45-49;Women;93000;0,02727272727272727;2640
AM;2007;50-54;Men;58000;0,01700879765395895;3714
AM;2007;50-54;Women;63000;0,01847507331378299;2151
AM;2007;55-59;Men;44000;0,01290322580645161;2583
AM;2007;55-59;Women;48000;0,01407624633431085;1527
AM;2007;60-64;Men;27000;0,00791788856304985;1809
AM;2007;60-64;Women;31000;0,00909090909090909;1021
AM;2007;65-69;Men;30000;0,00879765395894428;1141
AM;2007;65-69;Women;24000;0,00703812316715543;760
AM;2007;70+;Men;36000;0,01055718475073314;1356
AM;2007;70+;Women;46000;0,01348973607038123;870
RR;2007;0-4;Men;22000;0,05128205128205128;973
RR;2007;0-4;Women;23000;0,05361305361305362;760
RR;2007;5-9;Men;25000;0,05827505827505827;900
RR;2007;5-9;Women;23000;0,05361305361305362;758
RR;2007;10-14;Men;24000;0,05594405594405594;1041
RR;2007;10-14;Women;24000;0,05594405594405594;726
RR;2007;15-19;Men;25000;0,05827505827505827;1085
RR;2007;15-19;Women;22000;0,05128205128205128;553
RR;2007;20-24;Men;21000;0,04895104895104895;1159
RR;2007;20-24;Women;24000;0,05594405594405594;575
RR;2007;25-29;Men;18000;0,04195804195804196;1028
RR;2007;25-29;Women;22000;0,05128205128205128;468
RR;2007;30-34;Men;17000;0,03962703962703962;826
RR;2007;30-34;Women;12000;0,02797202797202797;369
RR;2007;35-39;Men;12000;0,02797202797202797;703
RR;2007;35-39;Women;14000;0,03263403263403263;345
RR;2007;40-44;Men;12000;0,02797202797202797;582
RR;2007;40-44;Women;14000;0,03263403263403263;285
RR;2007;45-49;Men;12000;0,02797202797202797;394
RR;2007;45-49;Women;8000;0,01864801864801865;238
RR;2007;50-54;Men;8000;0,01864801864801865;324
RR;2007;50-54;Women;7000;0,01631701631701632;176
RR;2007;55-59;Men;9000;0,02097902097902098;247
RR;2007;55-59;Women;9000;0,02097902097902098;108
RR;2007;60-64;Men;4000;0,00932400932400932;122
RR;2007;60-64;Women;4000;0,00932400932400932;69
RR;2007;65-69;Men;3000;0,00699300699300699;97
RR;2007;65-69;Women;1000;0,00233100233100233;41
RR;2007;70+;Men;6000;0,01398601398601399;75
RR;2007;70+;Women;4000;0,00932400932400932;41
PA;2007;0-4;Men;393000;0,05373991521947218;5744
PA;2007;0-4;Women;348000;0,04758648981266238;5037
PA;2007;5-9;Men;422000;0,05770545603719403;4876
PA;2007;5-9;Women;372000;0,05086831669629427;3858
PA;2007;10-14;Men;436000;0,05961985505264597;4696
PA;2007;10-14;Women;396000;0,05415014357992616;3206
PA;2007;15-19;Men;386000;0,05278271571174620;5771
PA;2007;15-19;Women;394000;0,05387665800629017;2951
PA;2007;20-24;Men;337000;0,04608231915766443;6316
PA;2007;20-24;Women;364000;0,04977437440175031;2822
PA;2007;25-29;Men;327000;0,04471489128948448;5187
PA;2007;25-29;Women;348000;0,04758648981266238;2250
PA;2007;30-34;Men;277000;0,03787775194858471;3983
PA;2007;30-34;Women;286000;0,03910843702994667;1510
PA;2007;35-39;Men;243000;0,03322849719677287;3386
PA;2007;35-39;Women;255000;0,03486941063858882;1375
PA;2007;40-44;Men;200000;0,02734855736359907;2880
PA;2007;40-44;Women;197000;0,02693832900314509;1106
PA;2007;45-49;Men;170000;0,02324627375905921;2121
PA;2007;45-49;Women;168000;0,02297278818542322;837
PA;2007;50-54;Men;139000;0,01900724736770135;1466
PA;2007;50-54;Women;134000;0,01832353343361138;468
PA;2007;55-59;Men;104000;0,01422124982907152;916
PA;2007;55-59;Women;98000;0,01340079310816355;334
PA;2007;60-64;Men;82000;0,01121290851907562;439
PA;2007;60-64;Women;91000;0,01244359360043758;182
PA;2007;65-69;Men;70000;0,00957199507725967;253
PA;2007;65-69;Women;71000;0,00970873786407767;131
PA;2007;70+;Men;94000;0,01285382196089156;293
PA;2007;70+;Women;111000;0,01517844933679748;152
AP;2007;0-4;Men;36000;0,05625000000000000;1011
AP;2007;0-4;Women;34000;0,05312500000000000;1000
AP;2007;5-9;Men;38000;0,05937500000000000;1197
AP;2007;5-9;Women;40000;0,06250000000000000;961
AP;2007;10-14;Men;39000;0,06093750000000000;1402
AP;2007;10-14;Women;38000;0,05937500000000000;956
AP;2007;15-19;Men;34000;0,05312500000000000;1586
AP;2007;15-19;Women;36000;0,05625000000000000;933
AP;2007;20-24;Men;32000;0,05000000000000000;1969
AP;2007;20-24;Women;30000;0,04687500000000000;1038
AP;2007;25-29;Men;26000;0,04062500000000000;1646
AP;2007;25-29;Women;31000;0,04843750000000000;979
AP;2007;30-34;Men;25000;0,03906250000000000;1378
AP;2007;30-34;Women;25000;0,03906250000000000;625
AP;2007;35-39;Men;23000;0,03593750000000000;1078
AP;2007;35-39;Women;27000;0,04218750000000000;492
AP;2007;40-44;Men;16000;0,02500000000000000;865
AP;2007;40-44;Women;15000;0,02343750000000000;376
AP;2007;45-49;Men;12000;0,01875000000000000;559
AP;2007;45-49;Women;15000;0,02343750000000000;276
AP;2007;50-54;Men;11000;0,01718750000000000;407
AP;2007;50-54;Women;9000;0,01406250000000000;203
AP;2007;55-59;Men;8000;0,01250000000000000;265
AP;2007;55-59;Women;8000;0,01250000000000000;91
AP;2007;60-64;Men;5000;0,00781250000000000;147
AP;2007;60-64;Women;5000;0,00781250000000000;69
AP;2007;65-69;Men;3000;0,00468750000000000;92
AP;2007;65-69;Women;4000;0,00625000000000000;44
AP;2007;70+;Men;6000;0,00937500000000000;73
AP;2007;70+;Women;9000;0,01406250000000000;49
TO;2007;0-4;Men;62000;0,04565537555228277;6
TO;2007;0-4;Women;64000;0,04712812960235641;3
TO;2007;5-9;Men;73000;0,05375552282768778;6
TO;2007;5-9;Women;70000;0,05154639175257732;4
TO;2007;10-14;Men;70000;0,05154639175257732;8
TO;2007;10-14;Women;75000;0,05522827687776141;4
TO;2007;15-19;Men;74000;0,05449189985272460;19
TO;2007;15-19;Women;70000;0,05154639175257732;8
TO;2007;20-24;Men;67000;0,04933726067746686;37
TO;2007;20-24;Women;65000;0,04786450662739323;7
TO;2007;25-29;Men;50000;0,03681885125184094;33
TO;2007;25-29;Women;50000;0,03681885125184094;12
TO;2007;30-34;Men;47000;0,03460972017673049;34
TO;2007;30-34;Women;56000;0,04123711340206185;3
TO;2007;35-39;Men;44000;0,03240058910162003;22
TO;2007;35-39;Women;51000;0,03755522827687776;7
TO;2007;40-44;Men;41000;0,03019145802650957;17
TO;2007;40-44;Women;41000;0,03019145802650957;8
TO;2007;45-49;Men;31000;0,02282768777614138;19
TO;2007;45-49;Women;33000;0,02430044182621502;5
TO;2007;50-54;Men;29000;0,02135493372606775;3
TO;2007;50-54;Women;24000;0,01767304860088365;5
TO;2007;55-59;Men;28000;0,02061855670103093;7
TO;2007;55-59;Women;23000;0,01693667157584683;2
TO;2007;60-64;Men;19000;0,01399116347569956;6
TO;2007;60-64;Women;19000;0,01399116347569956;NA
TO;2007;65-69;Men;15000;0,01104565537555228;1
TO;2007;65-69;Women;14000;0,01030927835051546;NA
TO;2007;70+;Men;25000;0,01840942562592047;1
TO;2007;70+;Women;28000;0,02061855670103093;NA
MA;2007;0-4;Men;321000;0,05010927255697784;225
MA;2007;0-4;Women;319000;0,04979706525132688;220
MA;2007;5-9;Men;375000;0,05853886980955354;278
MA;2007;5-9;Women;332000;0,05182641273805807;208
MA;2007;10-14;Men;379000;0,05916328442085545;360
MA;2007;10-14;Women;352000;0,05494848579456759;241
MA;2007;15-19;Men;351000;0,05479238214174212;626
MA;2007;15-19;Women;337000;0,05260693100218545;214
MA;2007;20-24;Men;303000;0,04729940680611926;822
MA;2007;20-24;Women;314000;0,04901654698719950;260
MA;2007;25-29;Men;229000;0,03574773649703403;658
MA;2007;25-29;Women;279000;0,04355291913830784;214
MA;2007;30-34;Men;207000;0,03231345613487355;489
MA;2007;30-34;Women;236000;0,03684046206681237;149
MA;2007;35-39;Men;195000;0,03044021230096784;355
MA;2007;35-39;Women;212000;0,03309397439900093;102
MA;2007;40-44;Men;161000;0,02513268810490165;289
MA;2007;40-44;Women;163000;0,02544489541055261;90
MA;2007;45-49;Men;149000;0,02325944427099594;170
MA;2007;45-49;Women;173000;0,02700593193880737;70
MA;2007;50-54;Men;126000;0,01966906025600999;95
MA;2007;50-54;Women;140000;0,02185451139556666;54
MA;2007;55-59;Men;89000;0,01389322510146737;93
MA;2007;55-59;Women;115000;0,01795192007492975;48
MA;2007;60-64;Men;68000;0,01061504839213238;52
MA;2007;60-64;Women;85000;0,01326881049016547;30
MA;2007;65-69;Men;67000;0,01045894473930690;41
MA;2007;65-69;Women;59000;0,00921011551670309;18
MA;2007;70+;Men;123000;0,01920074929753356;57
MA;2007;70+;Women;147000;0,02294723696534499;26
MT;2007;0-4;Men;133000;0,04554794520547945;225
MT;2007;0-4;Women;132000;0,04520547945205480;175
MT;2007;5-9;Men;125000;0,04280821917808219;259
MT;2007;5-9;Women;132000;0,04520547945205480;167
MT;2007;10-14;Men;152000;0,05205479452054795;335
MT;2007;10-14;Women;149000;0,05102739726027397;191
MT;2007;15-19;Men;145000;0,04965753424657534;478
MT;2007;15-19;Women;130000;0,04452054794520548;235
MT;2007;20-24;Men;131000;0,04486301369863014;609
MT;2007;20-24;Women;122000;0,04178082191780822;204
MT;2007;25-29;Men;132000;0,04520547945205480;592
MT;2007;25-29;Women;131000;0,04486301369863014;227
MT;2007;30-34;Men;120000;0,04109589041095890;566
MT;2007;30-34;Women;119000;0,04075342465753425;164
MT;2007;35-39;Men;107000;0,03664383561643836;489
MT;2007;35-39;Women;108000;0,03698630136986301;189
MT;2007;40-44;Men;106000;0,03630136986301370;460
MT;2007;40-44;Women;97000;0,03321917808219178;124
MT;2007;45-49;Men;94000;0,03219178082191781;305
MT;2007;45-49;Women;82000;0,02808219178082192;93
MT;2007;50-54;Men;72000;0,02465753424657534;243
MT;2007;50-54;Women;69000;0,02363013698630137;69
MT;2007;55-59;Men;60000;0,02054794520547945;134
MT;2007;55-59;Women;53000;0,01815068493150685;30
MT;2007;60-64;Men;38000;0,01301369863013699;59
MT;2007;60-64;Women;37000;0,01267123287671233;16
MT;2007;65-69;Men;31000;0,01061643835616438;35
MT;2007;65-69;Women;31000;0,01061643835616438;9
MT;2007;70+;Men;42000;0,01438356164383562;18
MT;2007;70+;Women;40000;0,01369863013698630;9
RO;2019;0-4;Men;67000;0,03793884484711212;221
RO;2019;0-4;Women;58000;0,03284258210645526;183
RO;2019;5-9;Men;74000;0,04190260475651189;367
RO;2019;5-9;Women;67000;0,03793884484711212;286
RO;2019;10-14;Men;59000;0,03340883352208381;530
RO;2019;10-14;Women;66000;0,03737259343148358;371
RO;2019;15-19;Men;68000;0,03850509626274066;855
RO;2019;15-19;Women;72000;0,04077010192525481;410
RO;2019;20-24;Men;76000;0,04303510758776897;849
RO;2019;20-24;Women;89000;0,05039637599093998;340
RO;2019;25-29;Men;74000;0,04190260475651189;841
RO;2019;25-29;Women;71000;0,04020385050962627;331
RO;2019;30-34;Men;71000;0,04020385050962627;873
RO;2019;30-34;Women;69000;0,03907134767836919;356
RO;2019;35-39;Men;71000;0,04020385050962627;817
RO;2019;35-39;Women;68000;0,03850509626274066;315
RO;2019;40-44;Men;56000;0,03171007927519819;671
RO;2019;40-44;Women;72000;0,04077010192525481;250
RO;2019;45-49;Men;52000;0,02944507361268403;586
RO;2019;45-49;Women;67000;0,03793884484711212;241
RO;2019;50-54;Men;48000;0,02718006795016988;469
RO;2019;50-54;Women;51000;0,02887882219705549;275
RO;2019;55-59;Men;49000;0,02774631936579841;325
RO;2019;55-59;Women;40000;0,02265005662514156;172
RO;2019;60-64;Men;31000;0,01755379388448471;191
RO;2019;60-64;Women;40000;0,02265005662514156;126
RO;2019;65-69;Men;28000;0,01585503963759909;121
RO;2019;65-69;Women;26000;0,01472253680634202;60
RO;2019;70+;Men;43000;0,02434881087202718;104
RO;2019;70+;Women;43000;0,02434881087202718;62
AC;2019;0-4;Men;34000;0,03939745075318656;773
AC;2019;0-4;Women;39000;0,04519119351100811;701
AC;2019;5-9;Men;41000;0,04750869061413673;925
AC;2019;5-9;Women;36000;0,04171494785631518;766
AC;2019;10-14;Men;39000;0,04519119351100811;964
AC;2019;10-14;Women;40000;0,04634994206257242;763
AC;2019;15-19;Men;42000;0,04866743916570104;990
AC;2019;15-19;Women;41000;0,04750869061413673;735
AC;2019;20-24;Men;40000;0,04634994206257242;808
AC;2019;20-24;Women;41000;0,04750869061413673;544
AC;2019;25-29;Men;29000;0,03360370799536501;582
AC;2019;25-29;Women;31000;0,03592120509849363;412
AC;2019;30-34;Men;31000;0,03592120509849363;533
AC;2019;30-34;Women;37000;0,04287369640787949;345
AC;2019;35-39;Men;29000;0,03360370799536501;537
AC;2019;35-39;Women;35000;0,04055619930475087;377
AC;2019;40-44;Men;30000;0,03476245654692932;416
AC;2019;40-44;Women;31000;0,03592120509849363;285
AC;2019;45-49;Men;25000;0,02896871378910777;307
AC;2019;45-49;Women;28000;0,03244495944380069;244
AC;2019;50-54;Men;19000;0,02201622247972190;227
AC;2019;50-54;Women;21000;0,02433371958285052;167
AC;2019;55-59;Men;17000;0,01969872537659328;172
AC;2019;55-59;Women;19000;0,02201622247972190;151
AC;2019;60-64;Men;13000;0,01506373117033604;129
AC;2019;60-64;Women;14000;0,01622247972190035;74
AC;2019;65-69;Men;12000;0,01390498261877173;76
AC;2019;65-69;Women;11000;0,01274623406720742;47
AC;2019;70+;Men;18000;0,02085747392815759;85
AC;2019;70+;Women;20000;0,02317497103128621;59
AM;2019;0-4;Men;167000;0,04190715181932246;4616
AM;2019;0-4;Women;159000;0,03989962358845672;4079
AM;2019;5-9;Men;178000;0,04466750313676286;4362
AM;2019;5-9;Women;173000;0,04341279799247177;3875
AM;2019;10-14;Men;190000;0,04767879548306148;4098
AM;2019;10-14;Women;196000;0,04918444165621079;3554
AM;2019;15-19;Men;210000;0,05269761606022585;4143
AM;2019;15-19;Women;190000;0,04767879548306148;2798
AM;2019;20-24;Men;200000;0,05018820577164367;3756
AM;2019;20-24;Women;178000;0,04466750313676286;2234
AM;2019;25-29;Men;142000;0,03563362609786700;2960
AM;2019;25-29;Women;154000;0,03864491844416562;1760
AM;2019;30-34;Men;156000;0,03914680050188206;2635
AM;2019;30-34;Women;162000;0,04065244667503137;1703
AM;2019;35-39;Men;151000;0,03789209535759096;2508
AM;2019;35-39;Women;172000;0,04316185696361355;1414
AM;2019;40-44;Men;145000;0,03638644918444166;2012
AM;2019;40-44;Women;138000;0,03462986198243413;1162
AM;2019;45-49;Men;107000;0,02685069008782936;1563
AM;2019;45-49;Women;115000;0,02885821831869511;963
AM;2019;50-54;Men;86000;0,02158092848180677;1309
AM;2019;50-54;Women;91000;0,02283563362609787;750
AM;2019;55-59;Men;71000;0,01781681304893350;1000
AM;2019;55-59;Women;85000;0,02132998745294856;588
AM;2019;60-64;Men;68000;0,01706398996235885;700
AM;2019;60-64;Women;68000;0,01706398996235885;439
AM;2019;65-69;Men;43000;0,01079046424090339;440
AM;2019;65-69;Women;46000;0,01154328732747804;313
AM;2019;70+;Men;70000;0,01756587202007528;494
AM;2019;70+;Women;74000;0,01856963613550816;416
RR;2019;0-4;Men;25000;0,04638218923933209;1457
RR;2019;0-4;Women;27000;0,05009276437847866;1224
RR;2019;5-9;Men;27000;0,05009276437847866;1271
RR;2019;5-9;Women;26000;0,04823747680890538;1143
RR;2019;10-14;Men;27000;0,05009276437847866;1310
RR;2019;10-14;Women;24000;0,04452690166975881;1073
RR;2019;15-19;Men;23000;0,04267161410018553;1488
RR;2019;15-19;Women;26000;0,04823747680890538;922
RR;2019;20-24;Men;27000;0,05009276437847866;1651
RR;2019;20-24;Women;25000;0,04638218923933209;836
RR;2019;25-29;Men;21000;0,03896103896103896;1409
RR;2019;25-29;Women;24000;0,04452690166975881;624
RR;2019;30-34;Men;23000;0,04267161410018553;1198
RR;2019;30-34;Women;23000;0,04267161410018553;593
RR;2019;35-39;Men;18000;0,03339517625231911;1193
RR;2019;35-39;Women;20000;0,03710575139146568;506
RR;2019;40-44;Men;18000;0,03339517625231911;918
RR;2019;40-44;Women;19000;0,03525046382189239;399
RR;2019;45-49;Men;13000;0,02411873840445269;686
RR;2019;45-49;Women;14000;0,02597402597402598;323
RR;2019;50-54;Men;14000;0,02597402597402598;568
RR;2019;50-54;Women;12000;0,02226345083487941;202
RR;2019;55-59;Men;11000;0,02040816326530612;404
RR;2019;55-59;Women;9000;0,01669758812615955;162
RR;2019;60-64;Men;8000;0,01484230055658627;201
RR;2019;60-64;Women;7000;0,01298701298701299;98
RR;2019;65-69;Men;7000;0,01298701298701299;134
RR;2019;65-69;Women;6000;0,01113172541743970;54
RR;2019;70+;Men;8000;0,01484230055658627;132
RR;2019;70+;Women;7000;0,01298701298701299;62
PA;2019;0-4;Men;330000;0,03854239663629993;2148
PA;2019;0-4;Women;320000;0,03737444522307872;1820
PA;2019;5-9;Men;342000;0,03994393833216538;1955
PA;2019;5-9;Women;341000;0,03982714319084326;1678
PA;2019;10-14;Men;374000;0,04368138285447325;1973
PA;2019;10-14;Women;369000;0,04309740714786265;1520
PA;2019;15-19;Men;409000;0,04776921280074749;2204
PA;2019;15-19;Women;385000;0,04496612940901659;1434
PA;2019;20-24;Men;384000;0,04484933426769446;2276
PA;2019;20-24;Women;360000;0,04204625087596356;1171
PA;2019;25-29;Men;343000;0,04006073347348750;1824
PA;2019;25-29;Women;339000;0,03959355290819902;937
PA;2019;30-34;Men;336000;0,03924316748423266;1709
PA;2019;30-34;Women;358000;0,04181266059331932;892
PA;2019;35-39;Men;313000;0,03655687923382387;1442
PA;2019;35-39;Women;363000;0,04239663629992992;689
PA;2019;40-44;Men;288000;0,03363700070077085;1217
PA;2019;40-44;Women;314000;0,03667367437514599;568
PA;2019;45-49;Men;227000;0,02651249708012147;1026
PA;2019;45-49;Women;259000;0,03024994160242934;465
PA;2019;50-54;Men;239000;0,02791403877598692;760
PA;2019;50-54;Women;244000;0,02849801448259752;343
PA;2019;55-59;Men;174000;0,02032235459004906;509
PA;2019;55-59;Women;186000;0,02172389628591451;232
PA;2019;60-64;Men;148000;0,01728568091567391;321
PA;2019;60-64;Women;171000;0,01997196916608269;170
PA;2019;65-69;Men;120000;0,01401541695865452;182
PA;2019;65-69;Women;109000;0,01273067040411119;98
PA;2019;70+;Men;183000;0,02137351086194814;209
PA;2019;70+;Women;234000;0,02733006306937632;162
AP;2019;0-4;Men;41000;0,04898446833930705;465
AP;2019;0-4;Women;35000;0,04181600955794504;383
AP;2019;5-9;Men;34000;0,04062126642771804;533
AP;2019;5-9;Women;40000;0,04778972520908005;498
AP;2019;10-14;Men;40000;0,04778972520908005;693
AP;2019;10-14;Women;41000;0,04898446833930705;551
AP;2019;15-19;Men;40000;0,04778972520908005;851
AP;2019;15-19;Women;41000;0,04898446833930705;530
AP;2019;20-24;Men;36000;0,04301075268817205;711
AP;2019;20-24;Women;50000;0,05973715651135006;405
AP;2019;25-29;Men;34000;0,04062126642771804;610
AP;2019;25-29;Women;39000;0,04659498207885305;356
AP;2019;30-34;Men;35000;0,04181600955794504;527
AP;2019;30-34;Women;34000;0,04062126642771804;315
AP;2019;35-39;Men;29000;0,03464755077658303;481
AP;2019;35-39;Women;32000;0,03823178016726404;223
AP;2019;40-44;Men;26000;0,03106332138590203;423
AP;2019;40-44;Women;28000;0,03345280764635603;222
AP;2019;45-49;Men;20000;0,02389486260454003;332
AP;2019;45-49;Women;22000;0,02628434886499403;198
AP;2019;50-54;Men;18000;0,02150537634408602;263
AP;2019;50-54;Women;25000;0,02986857825567503;148
AP;2019;55-59;Men;13000;0,01553166069295102;169
AP;2019;55-59;Women;13000;0,01553166069295102;95
AP;2019;60-64;Men;13000;0,01553166069295102;138
AP;2019;60-64;Women;14000;0,01672640382317802;70
AP;2019;65-69;Men;6000;0,00716845878136201;76
AP;2019;65-69;Women;11000;0,01314217443249701;35
AP;2019;70+;Men;13000;0,01553166069295102;64
AP;2019;70+;Women;14000;0,01672640382317802;49
TO;2019;0-4;Men;50000;0,03211303789338472;NA
TO;2019;0-4;Women;50000;0,03211303789338472;NA
TO;2019;5-9;Men;56000;0,03596660244059088;NA
TO;2019;5-9;Women;56000;0,03596660244059088;NA
TO;2019;10-14;Men;68000;0,04367373153500321;2
TO;2019;10-14;Women;68000;0,04367373153500321;NA
TO;2019;15-19;Men;70000;0,04495825305073860;NA
TO;2019;15-19;Women;66000;0,04238921001926782;NA
TO;2019;20-24;Men;64000;0,04110468850353243;1
TO;2019;20-24;Women;57000;0,03660886319845857;1
TO;2019;25-29;Men;54000;0,03468208092485549;1
TO;2019;25-29;Women;55000;0,03532434168272319;1
TO;2019;30-34;Men;60000;0,03853564547206165;4
TO;2019;30-34;Women;61000;0,03917790622992935;NA
TO;2019;35-39;Men;55000;0,03532434168272319;5
TO;2019;35-39;Women;68000;0,04367373153500321;1
TO;2019;40-44;Men;54000;0,03468208092485549;NA
TO;2019;40-44;Women;63000;0,04046242774566474;NA
TO;2019;45-49;Men;57000;0,03660886319845857;4
TO;2019;45-49;Women;49000;0,03147077713551702;1
TO;2019;50-54;Men;43000;0,02761721258831085;4
TO;2019;50-54;Women;44000;0,02825947334617855;1
TO;2019;55-59;Men;40000;0,02569043031470777;3
TO;2019;55-59;Women;39000;0,02504816955684008;NA
TO;2019;60-64;Men;30000;0,01926782273603083;2
TO;2019;60-64;Women;32000;0,02055234425176622;NA
TO;2019;65-69;Men;24000;0,01541425818882466;NA
TO;2019;65-69;Women;30000;0,01926782273603083;NA
TO;2019;70+;Men;50000;0,03211303789338472;NA
TO;2019;70+;Women;44000;0,02825947334617855;NA
MA;2019;0-4;Men;265000;0,03763135472877024;9
MA;2019;0-4;Women;243000;0,03450724226072139;2
MA;2019;5-9;Men;302000;0,04288554387957966;6
MA;2019;5-9;Women;275000;0,03905140585061062;3
MA;2019;10-14;Men;361000;0,05126384549843795;8
MA;2019;10-14;Women;329000;0,04671968190854871;6
MA;2019;15-19;Men;358000;0,05083783016188582;32
MA;2019;15-19;Women;331000;0,04700369213291679;6
MA;2019;20-24;Men;284000;0,04032945186026697;75
MA;2019;20-24;Women;284000;0,04032945186026697;15
MA;2019;25-29;Men;241000;0,03422323203635331;87
MA;2019;25-29;Women;271000;0,03848338540187447;16
MA;2019;30-34;Men;258000;0,03663731894348197;78
MA;2019;30-34;Women;288000;0,04089747230900313;26
MA;2019;35-39;Men;260000;0,03692132916785004;70
MA;2019;35-39;Women;291000;0,04132348764555524;11
MA;2019;40-44;Men;219000;0,03109911956830446;53
MA;2019;40-44;Women;227000;0,03223516046577677;18
MA;2019;45-49;Men;182000;0,02584493041749503;31
MA;2019;45-49;Women;195000;0,02769099687588753;7
MA;2019;50-54;Men;168000;0,02385685884691849;30
MA;2019;50-54;Women;181000;0,02570292530531099;3
MA;2019;55-59;Men;157000;0,02229480261289406;9
MA;2019;55-59;Women;192000;0,02726498153933542;3
MA;2019;60-64;Men;120000;0,01704061346208463;1
MA;2019;60-64;Women;151000;0,02144277193978983;NA
MA;2019;65-69;Men;107000;0,01519454700369213;3
MA;2019;65-69;Women;109000;0,01547855722806021;2
MA;2019;70+;Men;188000;0,02669696109059926;2
MA;2019;70+;Women;205000;0,02911104799772792;1
MT;2019;0-4;Men;131000;0,03815904456743373;25
MT;2019;0-4;Women;119000;0,03466355956889018;24
MT;2019;5-9;Men;143000;0,04165452956597728;31
MT;2019;5-9;Women;123000;0,03582872123507137;23
MT;2019;10-14;Men;133000;0,03874162540052432;47
MT;2019;10-14;Women;140000;0,04078065831634139;33
MT;2019;15-19;Men;145000;0,04223711039906787;110
MT;2019;15-19;Women;121000;0,03524614040198078;20
MT;2019;20-24;Men;152000;0,04427614331488494;173
MT;2019;20-24;Women;129000;0,03757646373434314;37
MT;2019;25-29;Men;139000;0,04048936789979610;174
MT;2019;25-29;Women;155000;0,04515001456452083;52
MT;2019;30-34;Men;156000;0,04544130498106613;165
MT;2019;30-34;Women;144000;0,04194581998252257;33
MT;2019;35-39;Men;117000;0,03408097873579959;168
MT;2019;35-39;Women;132000;0,03845033498397903;41
MT;2019;40-44;Men;111000;0,03233323623652782;154
MT;2019;40-44;Women;127000;0,03699388290125255;37
MT;2019;45-49;Men;113000;0,03291581706961841;122
MT;2019;45-49;Women;118000;0,03437226915234489;33
MT;2019;50-54;Men;103000;0,03000291290416545;99
MT;2019;50-54;Women;103000;0,03000291290416545;24
MT;2019;55-59;Men;88000;0,02563355665598602;52
MT;2019;55-59;Women;93000;0,02709000873871250;10
MT;2019;60-64;Men;63000;0,01835129624235363;45
MT;2019;60-64;Women;71000;0,02068161957471599;12
MT;2019;65-69;Men;48000;0,01398193999417419;14
MT;2019;65-69;Women;55000;0,01602097290999126;4
MT;2019;70+;Men;84000;0,02446839498980484;8
MT;2019;70+;Women;77000;0,02242936207398777;7
